name,price,weight,pricePerGram,coupangLink,sourceKeyword,productId
"코스트코 곰표 중력 밀가루 1KG X 6, 6kg, 2개","24880","6000","4.1467","https://link.coupang.com/re/AFFSDP?lptag=AF7912448&pageKey=8288542341&itemId=19793268750&vendorItemId=91677451589&traceid=V0-153-4a8b3963c5bdd3b8&clickBeacon=b10005a0-130c-11f1-a09c-af24031c49b0%7E3&requestid=20260226211425513111343351&token=31850C%7CMIXED&landing_exp=APP_LANDING_A","강력분","8288542341"
"백설 강력 밀가루","5300","1000","5.3","https://link.coupang.com/re/AFFSDP?lptag=AF7912448&pageKey=2442103&itemId=171231&vendorItemId=3000094812&traceid=V0-153-70e19c05de6abac8&requestid=20260226211425513111343351&token=31850C%7CMIXED&landing_exp=APP_LANDING_A","강력분","2442103"
"[황금빛들녘] 우리밀 통밀가루 앉은뱅이밀/호밀/아리흑밀 3kg, 3kg, 1개","19900","3000","6.6333","https://link.coupang.com/re/AFFSDP?lptag=AF7912448&pageKey=8244609814&itemId=23574106197&vendorItemId=71292208284&traceid=V0-153-1e8273b912ca463f&clickBeacon=b10005a0-130c-11f1-b219-9ba29dd08f80%7E3&requestid=20260226211425513111343351&token=31850C%7CMIXED&landing_exp=APP_LANDING_A","강력분","8244609814"
"곰표 강력 밀가루","8900","1000","8.9","https://link.coupang.com/re/AFFSDP?lptag=AF7912448&pageKey=2764343&itemId=18320049134&vendorItemId=85464829814&traceid=V0-153-2011269afcfdbca5&requestid=20260226211425513111343351&token=31850C%7CMIXED&landing_exp=APP_LANDING_A","강력분","2764343"
"백설 박력밀가루 2.5kg, 2.5kg, 6개","35100","2500","14.04","https://link.coupang.com/re/AFFSDP?lptag=AF7912448&pageKey=7235541054&itemId=18900957358&vendorItemId=94332581454&traceid=V0-153-2b76d3e93c2dd703&clickBeacon=b10005a0-130c-11f1-ac02-9489859e7b61%7E3&requestid=20260226211425513111343351&token=31850C%7CMIXED&landing_exp=APP_LANDING_A","강력분","7235541054"
"대한제분 코끼리 빵용 강력 밀가루","15900","1000","15.9","https://link.coupang.com/re/AFFSDP?lptag=AF7912448&pageKey=8288526749&itemId=23415851331&vendorItemId=4935144170&traceid=V0-153-560c170abe43b3b6&requestid=20260226211425513111343351&token=31850C%7CMIXED&landing_exp=APP_LANDING_A","강력분","8288526749"
"대한제분 강력밀가루 제빵전용분","24500","1000","24.5","https://link.coupang.com/re/AFFSDP?lptag=AF7912448&pageKey=5761414325&itemId=9758090176&vendorItemId=77041800007&traceid=V0-153-3eb9acd06142e46a&requestid=20260226211425513111343351&token=31850C%7CMIXED&landing_exp=APP_LANDING_A","강력분","5761414325"
"국산 토종 앉은뱅이 통밀가루(강력분) 앉은키 밀가루, 5개, 700g","30100","700","43.0","https://link.coupang.com/re/AFFSDP?lptag=AF7912448&pageKey=8670129070&itemId=26581716089&vendorItemId=93555115097&traceid=V0-153-efba01e8de30b691&clickBeacon=b10005a0-130c-11f1-8d64-f288fda3f09b%7E3&requestid=20260226211425513111343351&token=31850C%7CMIXED&landing_exp=APP_LANDING_A","강력분","8670129070"
"스테인레스 초강력 봉자석100-300mm 고추 밀가루 철분제거 10,000가우스, 1개","95000","1000","95.0","https://link.coupang.com/re/AFFSDP?lptag=AF7912448&pageKey=5177145357&itemId=7156031181&vendorItemId=74447730484&traceid=V0-153-6c34a211cd37137c&clickBeacon=b0ffde90-130c-11f1-a691-82b78cd77d4c%7E3&requestid=20260226211425513111343351&token=31850C%7CMIXED&landing_exp=APP_LANDING_A","강력분","5177145357"
"배대감 이스트","1990","1000","1.99","https://link.coupang.com/re/AFFSDP?lptag=AF7912448&pageKey=8989223285&itemId=26330028671&vendorItemId=93307312714&traceid=V0-153-ca9cbfe6d0a193bb&requestid=20260226211427771325025270&token=31850C%7CMIXED&landing_exp=APP_LANDING_A","드라이이스트","8989223285"
"배대감 이스트","3980","1000","3.98","https://link.coupang.com/re/AFFSDP?lptag=AF7912448&pageKey=7764762128&itemId=25335265898&vendorItemId=92330015218&traceid=V0-153-3239bfb484531749&requestid=20260226211427771325025270&token=31850C%7CMIXED&landing_exp=APP_LANDING_A","드라이이스트","7764762128"
"카푸토1924 드라이 이스트","5800","1000","5.8","https://link.coupang.com/re/AFFSDP?lptag=AF7912448&pageKey=6601526797&itemId=17970688210&vendorItemId=82162700235&traceid=V0-153-a0c58e34427311c2&requestid=20260226211427771325025270&token=31850C%7CMIXED&landing_exp=APP_LANDING_A","드라이이스트","6601526797"
"르사프 드라이 이스트","7160","1000","7.16","https://link.coupang.com/re/AFFSDP?lptag=AF7912448&pageKey=8243847678&itemId=18691103035&vendorItemId=93830688178&traceid=V0-153-5f05a5c316472d94&requestid=20260226211427771325025270&token=31850C%7CMIXED&landing_exp=APP_LANDING_A","드라이이스트","8243847678"
"Eagle 인스턴트 드라이 이스트, 2개, 500g","8560","500","17.12","https://link.coupang.com/re/AFFSDP?lptag=AF7912448&pageKey=6764321263&itemId=23140933950&vendorItemId=92855944278&traceid=V0-153-78e2858e7804252e&clickBeacon=b2581b90-130c-11f1-8caa-50d2d18258fa%7E3&requestid=20260226211427771325025270&token=31850C%7CMIXED&landing_exp=APP_LANDING_A","드라이이스트","6764321263"
"[팍마야] 인스턴트 드라이 이스트 소포장 11g x 60입","18900","660","28.6364","https://link.coupang.com/re/AFFSDP?lptag=AF7912448&pageKey=6331320693&itemId=13240330092&vendorItemId=94669588472&traceid=V0-153-889123738c848aa2&requestid=20260226211427771325025270&token=31850C%7CMIXED&landing_exp=APP_LANDING_A","드라이이스트","6331320693"
"사프 인스턴트 이스트 골드 500g, 20개 1박스 샤프 드라이 건조, 500g, 20개","117900","500","235.8","https://link.coupang.com/re/AFFSDP?lptag=AF7912448&pageKey=8289729295&itemId=25223304313&vendorItemId=92090109540&traceid=V0-153-23d3a9e9ad86b3f2&clickBeacon=b2581b90-130c-11f1-8122-8bb53ef74192%7E3&requestid=20260226211427771325025270&token=31850C%7CMIXED&landing_exp=APP_LANDING_A","드라이이스트","8289729295"
"프레지덩 무염버터팩","11900","1000","11.9","https://link.coupang.com/re/AFFSDP?lptag=AF7912448&pageKey=111245588&itemId=335084311&vendorItemId=82068155634&traceid=V0-153-c7ada0f805e6b4a3&requestid=20260226211426395040929916&token=31850C%7CMIXED&landing_exp=APP_LANDING_A","무염버터","111245588"
"앵커 버터 (냉동)","15900","1000","15.9","https://link.coupang.com/re/AFFSDP?lptag=AF7912448&pageKey=206818868&itemId=19224737744&vendorItemId=86341408674&traceid=V0-153-4c24503c4a4cc6bb&requestid=20260226211426395040929916&token=31850C%7CMIXED&landing_exp=APP_LANDING_A","무염버터","206818868"
"프렙델리 식물성 액상버터, 1개, 2L","48000","2000","24.0","https://link.coupang.com/re/AFFSDP?lptag=AF7912448&pageKey=9302543022&itemId=27558424268&vendorItemId=94522518590&traceid=V0-153-9ac6457b1042956a&clickBeacon=b1869ac0-130c-11f1-96a0-6f7016c57748%7E3&requestid=20260226211426395040929916&token=31850C%7CMIXED&landing_exp=APP_LANDING_A","무염버터","9302543022"
"앵커 무염버터","27360","1000","27.36","https://link.coupang.com/re/AFFSDP?lptag=AF7912448&pageKey=9265140313&itemId=22121486341&vendorItemId=94431695651&traceid=V0-153-232c5d88a7a67801&requestid=20260226211426395040929916&token=31850C%7CMIXED&landing_exp=APP_LANDING_A","무염버터","9265140313"
"앵카버터 454g 뉴질랜드 앵커버터 아이스박스 아이스팩 무료","18730","454","41.2555","https://link.coupang.com/re/AFFSDP?lptag=AF7912448&pageKey=7847571181&itemId=24253603203&vendorItemId=93234207731&traceid=V0-153-69a2abffccb9d5d1&requestid=20260226211426395040929916&token=31850C%7CMIXED&landing_exp=APP_LANDING_A","무염버터","7847571181"
"목초방목 기버터(주문시 국내생산) 거두올림 320g, 320g, 1개","27500","320","85.9375","https://link.coupang.com/re/AFFSDP?lptag=AF7912448&pageKey=8989914168&itemId=27698423134&vendorItemId=94660144422&traceid=V0-153-9de5f7d5894cba4b&clickBeacon=b186c1d0-130c-11f1-9692-f701180d9318%7E3&requestid=20260226211426395040929916&token=31850C%7CMIXED&landing_exp=APP_LANDING_A","무염버터","8989914168"
"이즈니 트러플 수제 버터 (무염), 250g, 1개","32950","250","131.8","https://link.coupang.com/re/AFFSDP?lptag=AF7912448&pageKey=7954264617&itemId=24961526417&vendorItemId=92847613574&traceid=V0-153-4a8a6f1952ab41ae&clickBeacon=b1869ac0-130c-11f1-a36d-e2d8824c4151%7E3&requestid=20260226211426395040929916&token=31850C%7CMIXED&landing_exp=APP_LANDING_A","무염버터","7954264617"
"앵커버터 (무가염 - 나트륨 함유제품) [원산지:뉴질랜드], 40개, 227g","181170","227","798.1057","https://link.coupang.com/re/AFFSDP?lptag=AF7912448&pageKey=9081548022&itemId=27586370286&vendorItemId=94549951181&traceid=V0-153-d779ce483b83ba46&clickBeacon=b1869ac0-130c-11f1-ab61-79096e856168%7E3&requestid=20260226211426395040929916&token=31850C%7CMIXED&landing_exp=APP_LANDING_A","무염버터","9081548022"
"빵에 발라먹기 좋은 무염 포션버터 7g / 빵버터, 60개, 7g","17900","7","2557.1429","https://link.coupang.com/re/AFFSDP?lptag=AF7912448&pageKey=7652737477&itemId=26883167626&vendorItemId=93852699578&traceid=V0-153-846f2e23aa199355&clickBeacon=b186c1d0-130c-11f1-8803-938c8c64ca17%7E3&requestid=20260226211426395040929916&token=31850C%7CMIXED&landing_exp=APP_LANDING_A","무염버터","7652737477"
"브레드가든 바닐라 에센스","5810","1000","5.81","https://link.coupang.com/re/AFFSDP?lptag=AF7912448&pageKey=8288390974&itemId=521041675&vendorItemId=4346865512&traceid=V0-153-b4ce783ada9e02e5&requestid=20260226211429478304538155&token=31850C%7CMIXED&landing_exp=APP_LANDING_A","바닐라익스트랙","8288390974"
"브레드가든 바닐라오일","7660","1000","7.66","https://link.coupang.com/re/AFFSDP?lptag=AF7912448&pageKey=1602490042&itemId=6712324613&vendorItemId=85322116740&traceid=V0-153-1a1ebe8be58f02eb&requestid=20260226211429478304538155&token=31850C%7CMIXED&landing_exp=APP_LANDING_A","바닐라익스트랙","1602490042"
"바니브로 바닐라빈 익스트랙","19800","1000","19.8","https://link.coupang.com/re/AFFSDP?lptag=AF7912448&pageKey=6386549981&itemId=13593526171&vendorItemId=92042750979&traceid=V0-153-5e37f8931e250ea9&requestid=20260226211429478304538155&token=31850C%7CMIXED&landing_exp=APP_LANDING_A","바닐라익스트랙","6386549981"
"bon vanilla 리얼 바닐라빈 익스트렉 110g","16900","110","153.6364","https://link.coupang.com/re/AFFSDP?lptag=AF7912448&pageKey=7865705269&itemId=21474514052&vendorItemId=88528783338&traceid=V0-153-a8ff8b171a1069ad&requestid=20260226211429478304538155&token=31850C%7CMIXED&landing_exp=APP_LANDING_A","바닐라익스트랙","7865705269"
"해피바닐라 바닐라빈 B grade, 1kg, 1개","399900","1000","399.9","https://link.coupang.com/re/AFFSDP?lptag=AF7912448&pageKey=8244618394&itemId=10731868134&vendorItemId=78012474848&traceid=V0-153-7d1ce708f59b04bb&clickBeacon=b35d5690-130c-11f1-a6d3-9ba4eecf5b06%7E3&requestid=20260226211429478304538155&token=31850C%7CMIXED&landing_exp=APP_LANDING_A","바닐라익스트랙","8244618394"
"프리미엄 바닐라빈, 25g, 3개","51000","25","2040.0","https://link.coupang.com/re/AFFSDP?lptag=AF7912448&pageKey=7849580469&itemId=19443216417&vendorItemId=86554192124&traceid=V0-153-0e3ffb6d3aa76df3&clickBeacon=b35d5690-130c-11f1-853f-6c2ae5b8b0e5%7E3&requestid=20260226211429478304538155&token=31850C%7CMIXED&landing_exp=APP_LANDING_A","바닐라익스트랙","7849580469"
"갈아서 먹는 프리미엄 바닐라빈 마다가스카르 gourmet 최상급, 1개, 30g","68000","30","2266.6667","https://link.coupang.com/re/AFFSDP?lptag=AF7912448&pageKey=8917768996&itemId=26057769710&vendorItemId=93039115999&traceid=V0-153-e66b84e5c3e6cb8a&clickBeacon=b35d5690-130c-11f1-99f1-9f8ee0712017%7E3&requestid=20260226211429478304538155&token=31850C%7CMIXED&landing_exp=APP_LANDING_A","바닐라익스트랙","8917768996"
"백설 박력 밀가루","2160","1000","2.16","https://link.coupang.com/re/AFFSDP?lptag=AF7912448&pageKey=8636235561&itemId=25058469104&vendorItemId=92062734178&traceid=V0-153-62ffe2f3f3908a16&requestid=20260226211425682200297316&token=31850C%7CMIXED&landing_exp=APP_LANDING_A","박력분","8636235561"
"새롬푸드 가루미박력쌀가루, 1개, 15kg","36100","15000","2.4067","https://link.coupang.com/re/AFFSDP?lptag=AF7912448&pageKey=9061154183&itemId=24691524878&vendorItemId=91701337787&traceid=V0-153-5def93f4c185788f&clickBeacon=b119f640-130c-11f1-8d97-32eaaaf5d06a%7E3&requestid=20260226211425682200297316&token=31850C%7CMIXED&landing_exp=APP_LANDING_A","박력분","9061154183"
"햇방아 제빵생활 박력쌀가루 10kg / 쌀가루(국산)100%, 1개, 10kg","29500","10000","2.95","https://link.coupang.com/re/AFFSDP?lptag=AF7912448&pageKey=8239540163&itemId=24091965101&vendorItemId=87438452326&traceid=V0-153-8065b662ff11bf21&clickBeacon=b11a1d50-130c-11f1-af4f-8e3734235238%7E3&requestid=20260226211425682200297316&token=31850C%7CMIXED&landing_exp=APP_LANDING_A","박력분","8239540163"
"곰표 박력 밀가루","4220","1000","4.22","https://link.coupang.com/re/AFFSDP?lptag=AF7912448&pageKey=4953089&itemId=25523345755&vendorItemId=92662759667&traceid=V0-153-0d66b4f068c3fca5&requestid=20260226211425682200297316&token=31850C%7CMIXED&landing_exp=APP_LANDING_A","박력분","4953089"
"우리밀 [농협] 통밀가루 1kg, 1kg, 5개","19300","1000","19.3","https://link.coupang.com/re/AFFSDP?lptag=AF7912448&pageKey=9334804954&itemId=27301998757&vendorItemId=94268534699&traceid=V0-153-b9beda306005d250&clickBeacon=b11a1d50-130c-11f1-a20a-e3011f3611fc%7E3&requestid=20260226211425682200297316&token=31850C%7CMIXED&landing_exp=APP_LANDING_A","박력분","9334804954"
"Organic KAMUT 호라산 밀가루 1파운드 돌로 갈은 가루 100% 통곡물, 1개, 500g","146200","500","292.4","https://link.coupang.com/re/AFFSDP?lptag=AF7912448&pageKey=8608795548&itemId=24193605973&vendorItemId=91211293759&traceid=V0-153-62df9e91e0b853e1&clickBeacon=b119f640-130c-11f1-ba00-d0f19e529e4b%7E3&requestid=20260226211425682200297316&token=31850C%7CMIXED&landing_exp=APP_LANDING_A","박력분","8608795548"
"세제의기본 천연 세제 3종 세트 베이킹소다+구연산+과탄산소다 2kgX3개, 1세트","28900","6000","4.8167","https://link.coupang.com/re/AFFSDP?lptag=AF7912448&pageKey=7702379684&itemId=20625979553&vendorItemId=94811615309&traceid=V0-153-4505520932430c35&clickBeacon=b2d93270-130c-11f1-94c3-78f8f4c9e172%7E3&requestid=20260226211428612274307364&token=31850C%7CMIXED&landing_exp=APP_LANDING_A","베이킹소다","7702379684"
"참그린 참 순수한 베이킹소다","6210","1000","6.21","https://link.coupang.com/re/AFFSDP?lptag=AF7912448&pageKey=7070771728&itemId=18197669966&vendorItemId=3121849665&traceid=V0-153-6b25559ffe07e5d7&requestid=20260226211428612274307364&token=31850C%7CMIXED&landing_exp=APP_LANDING_A","베이킹소다","7070771728"
"[비건라이프] 한입 베이킹소다 알파","6700","1000","6.7","https://link.coupang.com/re/AFFSDP?lptag=AF7912448&pageKey=6596056165&itemId=132235438&vendorItemId=88353424154&traceid=V0-153-00f4a6a72fad36e0&requestid=20260226211428612274307364&token=31850C%7CMIXED&landing_exp=APP_LANDING_A","베이킹소다","6596056165"
"암앤해머 베이킹소다","7320","1000","7.32","https://link.coupang.com/re/AFFSDP?lptag=AF7912448&pageKey=8374242252&itemId=3296287&vendorItemId=93138690031&traceid=V0-153-8c7e8ef78a99f1ec&requestid=20260226211428612274307364&token=31850C%7CMIXED&landing_exp=APP_LANDING_A","베이킹소다","8374242252"
"소다스쿨 베이킹소다 대용량, 3kg, 6개","32520","3000","10.84","https://link.coupang.com/re/AFFSDP?lptag=AF7912448&pageKey=157999828&itemId=18173823666&vendorItemId=85323081145&traceid=V0-153-5507588cf67d4821&clickBeacon=b2d93270-130c-11f1-9efd-9926c5cc4339%7E3&requestid=20260226211428612274307364&token=31850C%7CMIXED&landing_exp=APP_LANDING_A","베이킹소다","157999828"
"순담 베이킹소다","17790","1000","17.79","https://link.coupang.com/re/AFFSDP?lptag=AF7912448&pageKey=7890729952&itemId=21603441825&vendorItemId=91163005980&traceid=V0-153-3eaf7eb89529536d&requestid=20260226211428612274307364&token=31850C%7CMIXED&landing_exp=APP_LANDING_A","베이킹소다","7890729952"
"아이앤어스 국내산 프리미엄 베이킹소다, 6개, 1kg","25200","1000","25.2","https://link.coupang.com/re/AFFSDP?lptag=AF7912448&pageKey=8984800909&itemId=26471851275&vendorItemId=93446981194&traceid=V0-153-9e588fc617f4765c&clickBeacon=b2d93270-130c-11f1-8bf0-9bf420d5df4d%7E3&requestid=20260226211428612274307364&token=31850C%7CMIXED&landing_exp=APP_LANDING_A","베이킹소다","8984800909"
"소다스쿨 베이킹소다1kg + 구연산1kg + 과탄산소다1kg 세트, 3세트","41100","1000","41.1","https://link.coupang.com/re/AFFSDP?lptag=AF7912448&pageKey=6059567645&itemId=18173823205&vendorItemId=85323080533&traceid=V0-153-7bc970006c1de18d&clickBeacon=b2d93270-130c-11f1-be3a-487652ab7099%7E3&requestid=20260226211428612274307364&token=31850C%7CMIXED&landing_exp=APP_LANDING_A","베이킹소다","6059567645"
"퓨어홈 베이킹소다 3kg x 2개(6kg), 3kg, 2개","9880","6000","1.6467","https://link.coupang.com/re/AFFSDP?lptag=AF7912448&pageKey=7558575446&itemId=19908345467&vendorItemId=86983919460&traceid=V0-153-68c24c2095897770&clickBeacon=b2bd4600-130c-11f1-bdb9-d10ed939a1ed%7E3&requestid=20260226211428432042472688&token=31850C%7CMIXED&landing_exp=APP_LANDING_A","베이킹파우더","7558575446"
"곰곰 베이킹 파우더","2500","1000","2.5","https://link.coupang.com/re/AFFSDP?lptag=AF7912448&pageKey=8677965391&itemId=25191327214&vendorItemId=92188067441&traceid=V0-153-fafbcad6afcec110&requestid=20260226211428432042472688&token=31850C%7CMIXED&landing_exp=APP_LANDING_A","베이킹파우더","8677965391"
"브레드가든 착한 베이킹파우더","4400","1000","4.4","https://link.coupang.com/re/AFFSDP?lptag=AF7912448&pageKey=1066495005&itemId=2013341985&vendorItemId=70013142933&traceid=V0-153-a60a6f3c49f8870f&requestid=20260226211428432042472688&token=31850C%7CMIXED&landing_exp=APP_LANDING_A","베이킹파우더","1066495005"
"SIB 베이킹 파우더","5200","1000","5.2","https://link.coupang.com/re/AFFSDP?lptag=AF7912448&pageKey=54987976&itemId=191768951&vendorItemId=70108317380&traceid=V0-153-4a66ae913d665a39&requestid=20260226211428432042472688&token=31850C%7CMIXED&landing_exp=APP_LANDING_A","베이킹파우더","54987976"
"브레드가든 무알루미늄 착한 베이킹 파우더","11400","1000","11.4","https://link.coupang.com/re/AFFSDP?lptag=AF7912448&pageKey=1419359609&itemId=2457080618&vendorItemId=71233128835&traceid=V0-153-076781115441e59b&requestid=20260226211428432042472688&token=31850C%7CMIXED&landing_exp=APP_LANDING_A","베이킹파우더","1419359609"
"백설 핫케익믹스, 1kg, 2개","11400","1000","11.4","https://link.coupang.com/re/AFFSDP?lptag=AF7912448&pageKey=105150&itemId=8370866&vendorItemId=93290257832&traceid=V0-153-136f931f08343f5a&clickBeacon=b2bd4600-130c-11f1-b9aa-731d71437140%7E3&requestid=20260226211428432042472688&token=31850C%7CMIXED&landing_exp=APP_LANDING_A","베이킹파우더","105150"
"껍질까지 통째로 갈아 더 고소한 100% 구운 아몬드 가루 비건 베이킹 분말 파우더 글루텐프리, 1개","18900","1000","18.9","https://link.coupang.com/re/AFFSDP?lptag=AF7912448&pageKey=7825654109&itemId=24274844121&vendorItemId=91291266818&traceid=V0-153-3f36491ef6603c64&clickBeacon=b2bd4600-130c-11f1-8d18-af951e48362b%7E3&requestid=20260226211428432042472688&token=31850C%7CMIXED&landing_exp=APP_LANDING_A","베이킹파우더","7825654109"
"[1KG] 무가당 더치 코코아 가루 분말(100%) 네덜란드산, 1개, 1kg, 1개입","27500","1000","27.5","https://link.coupang.com/re/AFFSDP?lptag=AF7912448&pageKey=6761448284&itemId=15846720259&vendorItemId=83057569759&traceid=V0-153-dd86db24e39efd91&clickBeacon=b2bd4600-130c-11f1-81ea-fd185b261b65%7E3&requestid=20260226211428432042472688&token=31850C%7CMIXED&landing_exp=APP_LANDING_A","베이킹파우더","6761448284"
"새마원 베이킹파우더 분말, 20개, 150g","15780","150","105.2","https://link.coupang.com/re/AFFSDP?lptag=AF7912448&pageKey=8783951482&itemId=25559629185&vendorItemId=92550943330&traceid=V0-153-d6abb0eb008d11d9&clickBeacon=b2bd4600-130c-11f1-9e09-13ea116b309f%7E3&requestid=20260226211428432042472688&token=31850C%7CMIXED&landing_exp=APP_LANDING_A","베이킹파우더","8783951482"
"[로켓프레시] 남양유업 생크림 골드","5940","1000","5.94","https://link.coupang.com/re/AFFSDP?lptag=AF7912448&pageKey=7858667221&itemId=21439368367&vendorItemId=88494016634&traceid=V0-153-10ff76491fa7f6cd&requestid=20260226211430007129561534&token=31850C%7CMIXED&landing_exp=APP_LANDING_A","생크림","7858667221"
"서울우유 생크림","6200","1000","6.2","https://link.coupang.com/re/AFFSDP?lptag=AF7912448&pageKey=1261099141&itemId=2262176852&vendorItemId=70259447962&traceid=V0-153-5f65c8bf716effed&requestid=20260226211430007129561534&token=31850C%7CMIXED&landing_exp=APP_LANDING_A","생크림","1261099141"
"[로켓프레시] 덴마크 생크림","9780","1000","9.78","https://link.coupang.com/re/AFFSDP?lptag=AF7912448&pageKey=7914698706&itemId=21725973545&vendorItemId=88775180838&traceid=V0-153-e8e3818daafd6596&requestid=20260226211430007129561534&token=31850C%7CMIXED&landing_exp=APP_LANDING_A","생크림","7914698706"
"새마원 버터 와플 크림 시럽 잼 토핑 휘핑 카페 재료 생크림, 3kg, 2개","36800","3000","12.2667","https://link.coupang.com/re/AFFSDP?lptag=AF7912448&pageKey=8401685001&itemId=20962188280&vendorItemId=91248613630&traceid=V0-153-8d4be8ee3c7cf8e1&clickBeacon=b3ae83d0-130c-11f1-b6e9-6f65f0d7cc05%7E3&requestid=20260226211430007129561534&token=31850C%7CMIXED&landing_exp=APP_LANDING_A","생크림","8401685001"
"새마원 초코 와플 크림 시럽 잼 토핑 휘핑 카페 재료 생크림, 2개, 3kg","37800","3000","12.6","https://link.coupang.com/re/AFFSDP?lptag=AF7912448&pageKey=8579456150&itemId=18751134350&vendorItemId=91873059679&traceid=V0-153-54e4e53742fb11bb&clickBeacon=b3ae83d0-130c-11f1-99bd-bf03ef6c7c65%7E3&requestid=20260226211430007129561534&token=31850C%7CMIXED&landing_exp=APP_LANDING_A","생크림","8579456150"
"서울우유 동물성 생크림 500g","7790","500","15.58","https://link.coupang.com/re/AFFSDP?lptag=AF7912448&pageKey=5643862234&itemId=14221657683&vendorItemId=90940652166&traceid=V0-153-d6849499e5db896c&requestid=20260226211430007129561534&token=31850C%7CMIXED&landing_exp=APP_LANDING_A","생크림","5643862234"
"러시아 사워크림 스메타나 sour cream cmetaha smetana 토핑, 1개, 250g","5200","250","20.8","https://link.coupang.com/re/AFFSDP?lptag=AF7912448&pageKey=9268532625&itemId=27876576966&vendorItemId=88124733915&traceid=V0-153-15573945cba28f74&clickBeacon=b3ae83d0-130c-11f1-b357-61e5f194eaa7%7E3&requestid=20260226211430007129561534&token=31850C%7CMIXED&landing_exp=APP_LANDING_A","생크림","9268532625"
"메이드케이크 휘핑생크림 80g 130g, 노오븐 홈베이킹 케이크만들기 DIY (하절기 냉매박스 추가구매필수), 130g, 1개","2350","80","29.375","https://link.coupang.com/re/AFFSDP?lptag=AF7912448&pageKey=8288902422&itemId=27105720792&vendorItemId=94073849622&traceid=V0-153-d93d47c142e97837&clickBeacon=b3ae83d0-130c-11f1-b84e-7114e0727e13%7E3&requestid=20260226211430007129561534&token=31850C%7CMIXED&landing_exp=APP_LANDING_A","생크림","8288902422"
"파스퇴르 우유 생크림, 24개, 250ml","69900","250","279.6","https://link.coupang.com/re/AFFSDP?lptag=AF7912448&pageKey=9040081696&itemId=26589743967&vendorItemId=93563042174&traceid=V0-153-649e1eaad5f65a79&clickBeacon=b3ae83d0-130c-11f1-8d8e-6f9fa7d7d463%7E3&requestid=20260226211430007129561534&token=31850C%7CMIXED&landing_exp=APP_LANDING_A","생크림","9040081696"
"백설 하얀설탕","6000","1000","6.0","https://link.coupang.com/re/AFFSDP?lptag=AF7912448&pageKey=7143767691&itemId=15326731304&vendorItemId=92867642925&traceid=V0-153-43e85a3c00024872&requestid=20260226211426725111343561&token=31850C%7CMIXED&landing_exp=APP_LANDING_A","설탕","7143767691"
"자연정미 유기농 비정제 원당 설탕, 1개, 5kg","32900","5000","6.58","https://link.coupang.com/re/AFFSDP?lptag=AF7912448&pageKey=8438651907&itemId=24407881949&vendorItemId=91427252127&traceid=V0-153-fe606927a3cab688&clickBeacon=b1b8a740-130c-11f1-a97d-3ebda3344c1c%7E3&requestid=20260226211426725111343561&token=31850C%7CMIXED&landing_exp=APP_LANDING_A","설탕","8438651907"
"자다르 유기농 사탕수수 100% 유기농설탕, 2개, 5kg","33000","5000","6.6","https://link.coupang.com/re/AFFSDP?lptag=AF7912448&pageKey=7808432888&itemId=21170598455&vendorItemId=89504290117&traceid=V0-153-898a264baadd441a&clickBeacon=b1b8a740-130c-11f1-8826-0f527f090096%7E3&requestid=20260226211426725111343561&token=31850C%7CMIXED&landing_exp=APP_LANDING_A","설탕","7808432888"
"슈가스위치 알룰로스, 1.35kg, 1개","37810","1350","28.0074","https://link.coupang.com/re/AFFSDP?lptag=AF7912448&pageKey=8243887914&itemId=23693628306&vendorItemId=87415379627&traceid=V0-153-f438c9c4deb55801&clickBeacon=b1b8a740-130c-11f1-b1be-c0146d4bc96e%7E3&requestid=20260226211426725111343561&token=31850C%7CMIXED&landing_exp=APP_LANDING_A","설탕","8243887914"
"CJ 백설 하얀설탕, 400g, 16개","26000","400","65.0","https://link.coupang.com/re/AFFSDP?lptag=AF7912448&pageKey=8591387326&itemId=27465156908&vendorItemId=94430413548&traceid=V0-153-6576491542230358&clickBeacon=b1b8a740-130c-11f1-81cb-76565f7c062d%7E3&requestid=20260226211426725111343561&token=31850C%7CMIXED&landing_exp=APP_LANDING_A","설탕","8591387326"
"미원 맛소금","2750","1000","2.75","https://link.coupang.com/re/AFFSDP?lptag=AF7912448&pageKey=1483853018&itemId=6405899457&vendorItemId=84822074376&traceid=V0-153-cba79424933e1466&requestid=20260226211427525200297616&token=31850C%7CMIXED&landing_exp=APP_LANDING_A","소금","1483853018"
"청정원 히말라야 눈꽃소금","3380","1000","3.38","https://link.coupang.com/re/AFFSDP?lptag=AF7912448&pageKey=8131269506&itemId=23091900015&vendorItemId=91509787710&traceid=V0-153-e3224e4c2b90645a&requestid=20260226211427525200297616&token=31850C%7CMIXED&landing_exp=APP_LANDING_A","소금","8131269506"
"백설 천일염꽃 구운소금","3720","1000","3.72","https://link.coupang.com/re/AFFSDP?lptag=AF7912448&pageKey=8321381845&itemId=24018676583&vendorItemId=91039254629&traceid=V0-153-b488daf84599c815&requestid=20260226211427525200297616&token=31850C%7CMIXED&landing_exp=APP_LANDING_A","소금","8321381845"
"청정원 천일염 가는소금","4200","1000","4.2","https://link.coupang.com/re/AFFSDP?lptag=AF7912448&pageKey=5115961078&itemId=8166929407&vendorItemId=75455104060&traceid=V0-153-c366eb29e36944a9&requestid=20260226211427525200297616&token=31850C%7CMIXED&landing_exp=APP_LANDING_A","소금","5115961078"
"샘표 명품 구운소금","5400","1000","5.4","https://link.coupang.com/re/AFFSDP?lptag=AF7912448&pageKey=6837421060&itemId=17943168645&vendorItemId=85101033666&traceid=V0-153-b950baa1ba4deb59&requestid=20260226211427525200297616&token=31850C%7CMIXED&landing_exp=APP_LANDING_A","소금","6837421060"
"소금성 히말랴야 핑크소금 가는입자","5490","1000","5.49","https://link.coupang.com/re/AFFSDP?lptag=AF7912448&pageKey=7423462984&itemId=2615759288&vendorItemId=76637461176&traceid=V0-153-9f73a7649f089dad&requestid=20260226211427525200297616&token=31850C%7CMIXED&landing_exp=APP_LANDING_A","소금","7423462984"
"게랑드 가는 토판 천일염","5980","1000","5.98","https://link.coupang.com/re/AFFSDP?lptag=AF7912448&pageKey=7770026812&itemId=12892559862&vendorItemId=82802315287&traceid=V0-153-d740771c78febd89&requestid=20260226211427525200297616&token=31850C%7CMIXED&landing_exp=APP_LANDING_A","소금","7770026812"
"청정원 순수천혜염 알칼리 구운소금","9380","1000","9.38","https://link.coupang.com/re/AFFSDP?lptag=AF7912448&pageKey=8167421244&itemId=17823029788&vendorItemId=3013430136&traceid=V0-153-49e60e04ee28d9fa&requestid=20260226211427525200297616&token=31850C%7CMIXED&landing_exp=APP_LANDING_A","소금","8167421244"
"솔티드다이아 미네랄 용융 소금, 30회분, 5개","54500","1000","54.5","https://link.coupang.com/re/AFFSDP?lptag=AF7912448&pageKey=8784808313&itemId=26092771380&vendorItemId=94563303704&traceid=V0-153-1697d8703be9bec8&clickBeacon=b233f1c0-130c-11f1-acbc-4a856ab8aeda%7E3&requestid=20260226211427525200297616&token=31850C%7CMIXED&landing_exp=APP_LANDING_A","소금","8784808313"
"새롬푸드 분당, 1개, 3kg","9900","3000","3.3","https://link.coupang.com/re/AFFSDP?lptag=AF7912448&pageKey=8534071399&itemId=24703868279&vendorItemId=91713429324&traceid=V0-153-41dad11a4a4c139d&clickBeacon=b202f6b0-130c-11f1-97d5-15e2b2ee8ad0%7E3&requestid=20260226211427193047659376&token=31850C%7CMIXED&landing_exp=APP_LANDING_A","슈가파우더","8534071399"
"곰곰 슈가파우더","4490","1000","4.49","https://link.coupang.com/re/AFFSDP?lptag=AF7912448&pageKey=8518158259&itemId=24661390105&vendorItemId=91671822983&traceid=V0-153-04f11147154fa7ed&requestid=20260226211427193047659376&token=31850C%7CMIXED&landing_exp=APP_LANDING_A","슈가파우더","8518158259"
"쿠킹스토리 슈가파우더","9900","1000","9.9","https://link.coupang.com/re/AFFSDP?lptag=AF7912448&pageKey=4558476605&itemId=5547508248&vendorItemId=4649687333&traceid=V0-153-bb32bd928eb71dd5&requestid=20260226211427193047659376&token=31850C%7CMIXED&landing_exp=APP_LANDING_A","슈가파우더","4558476605"
"OQB 슈가파우더","14990","1000","14.99","https://link.coupang.com/re/AFFSDP?lptag=AF7912448&pageKey=7773939363&itemId=20994989711&vendorItemId=74002046064&traceid=V0-153-5505dabc1a7bee32&requestid=20260226211427193047659376&token=31850C%7CMIXED&landing_exp=APP_LANDING_A","슈가파우더","7773939363"
"아레스 제로슈가 민트초코 라떼 파우더, 1개, 1개입, 500g","17000","500","34.0","https://link.coupang.com/re/AFFSDP?lptag=AF7912448&pageKey=8631468895&itemId=25041393566&vendorItemId=92046043369&traceid=V0-153-f5f8a9e1ba7f9e1d&clickBeacon=b202f6b0-130c-11f1-b6bc-4bd380dd1743%7E3&requestid=20260226211427193047659376&token=31850C%7CMIXED&landing_exp=APP_LANDING_A","슈가파우더","8631468895"
"슈가반죽 국내생산 컬러반죽 비비드 패키지 360g 슈가크래프트 폰던트 파우더 케이크 케익 도우 공예 [원산지:국산], 360g, 1개","16500","360","45.8333","https://link.coupang.com/re/AFFSDP?lptag=AF7912448&pageKey=8771744085&itemId=25515809184&vendorItemId=92506704201&traceid=V0-153-f80ea8845bb98746&clickBeacon=b202f6b0-130c-11f1-8b1d-f592bcc6a509%7E3&requestid=20260226211427193047659376&token=31850C%7CMIXED&landing_exp=APP_LANDING_A","슈가파우더","8771744085"
"신선약초 눈꽃 슈가, 120g, 4개","26000","120","216.6667","https://link.coupang.com/re/AFFSDP?lptag=AF7912448&pageKey=8255345354&itemId=25591425702&vendorItemId=92582205413&traceid=V0-153-65558517cb74b1e1&clickBeacon=b202cfa0-130c-11f1-8de2-901ed70e64e4%7E3&requestid=20260226211427193047659376&token=31850C%7CMIXED&landing_exp=APP_LANDING_A","슈가파우더","8255345354"
"쿠킹스토리 아몬드 분말","5860","1000","5.86","https://link.coupang.com/re/AFFSDP?lptag=AF7912448&pageKey=5269745164&itemId=17642359&vendorItemId=92899659429&traceid=V0-153-e00183383f28c8b3&requestid=20260226211429837096874203&token=31850C%7CMIXED&landing_exp=APP_LANDING_A","아몬드가루","5269745164"
"알티스트 아몬드 파우더","8450","1000","8.45","https://link.coupang.com/re/AFFSDP?lptag=AF7912448&pageKey=7070572320&itemId=27216813888&vendorItemId=79852267485&traceid=V0-153-3f916f937c3c6e24&requestid=20260226211429837096874203&token=31850C%7CMIXED&landing_exp=APP_LANDING_A","아몬드가루","7070572320"
"볶은 아몬드분말 1 kg/껍질째 갈아만든 볶음 아몬드 분말/구운","11510","1000","11.51","https://link.coupang.com/re/AFFSDP?lptag=AF7912448&pageKey=7612230820&itemId=25191318814&vendorItemId=79331264762&traceid=V0-153-d93fa94efe00e5b3&requestid=20260226211429837096874203&token=31850C%7CMIXED&landing_exp=APP_LANDING_A","아몬드가루","7612230820"
"피키너츠 견과류 무염 생 아몬드, 1개, 1kg","19000","1000","19.0","https://link.coupang.com/re/AFFSDP?lptag=AF7912448&pageKey=8882533556&itemId=25924558997&vendorItemId=92909991608&traceid=V0-153-54b481ecc746e50b&clickBeacon=b393a8d0-130c-11f1-893f-36092060d827%7E3&requestid=20260226211429837096874203&token=31850C%7CMIXED&landing_exp=APP_LANDING_A","아몬드가루","8882533556"
"너츠브라더 아몬드 분말, 2개","20900","1000","20.9","https://link.coupang.com/re/AFFSDP?lptag=AF7912448&pageKey=7308239609&itemId=27478610933&vendorItemId=94443795163&traceid=V0-153-323bb9db12930a06&clickBeacon=b393a8d0-130c-11f1-aa81-684254722842%7E3&requestid=20260226211429837096874203&token=31850C%7CMIXED&landing_exp=APP_LANDING_A","아몬드가루","7308239609"
"오도독상점 아몬드가루 100%, 2개, 1kg","33900","1000","33.9","https://link.coupang.com/re/AFFSDP?lptag=AF7912448&pageKey=8792467305&itemId=25689026046&vendorItemId=92678267607&traceid=V0-153-8f4a6922fe929f54&clickBeacon=b393a8d0-130c-11f1-8d28-5ddf0ad275df%7E3&requestid=20260226211429837096874203&token=31850C%7CMIXED&landing_exp=APP_LANDING_A","아몬드가루","8792467305"
"건강한우리집비옴 고소한 생 아몬드 가루 100%분말, 5개","55590","1000","55.59","https://link.coupang.com/re/AFFSDP?lptag=AF7912448&pageKey=6636039211&itemId=26766197540&vendorItemId=94614862248&traceid=V0-153-db1c1b5f704eb779&clickBeacon=b393a8d0-130c-11f1-ad29-62ac5ca17913%7E3&requestid=20260226211429837096874203&token=31850C%7CMIXED&landing_exp=APP_LANDING_A","아몬드가루","6636039211"
"산양유 500ml x 9병 1박스, 9개, 500ml","54000","4500","12.0","https://link.coupang.com/re/AFFSDP?lptag=AF7912448&pageKey=7253055253&itemId=17853988824&vendorItemId=85017329405&traceid=V0-153-d972bba93a90d07e&clickBeacon=b3d6cc50-130c-11f1-8480-cb4e6a527f22%7E3&requestid=20260226211430273283069909&token=31850C%7CMIXED&landing_exp=APP_LANDING_A","우유","7253055253"
"서울우유 멸균 흰우유","15080","1000","15.08","https://link.coupang.com/re/AFFSDP?lptag=AF7912448&pageKey=4975075206&itemId=20185206891&vendorItemId=71237681228&traceid=V0-153-7148c9fba7475e9f&requestid=20260226211430273283069909&token=31850C%7CMIXED&landing_exp=APP_LANDING_A","우유","4975075206"
"연세우유 멸균 흰우유","15840","1000","15.84","https://link.coupang.com/re/AFFSDP?lptag=AF7912448&pageKey=3955632&itemId=19336360&vendorItemId=90083625528&traceid=V0-153-8a4651481fb71b95&requestid=20260226211430273283069909&token=31850C%7CMIXED&landing_exp=APP_LANDING_A","우유","3955632"
"매일유업 소화가 잘되는 우유 저지방","18500","1000","18.5","https://link.coupang.com/re/AFFSDP?lptag=AF7912448&pageKey=4866924796&itemId=6318908928&vendorItemId=89168968099&traceid=V0-153-8b629bbe5ab06a1f&requestid=20260226211430273283069909&token=31850C%7CMIXED&landing_exp=APP_LANDING_A","우유","4866924796"
"곰곰 신선한 1A 우유","22140","1000","22.14","https://link.coupang.com/re/AFFSDP?lptag=AF7912448&pageKey=1232968322&itemId=19223670182&vendorItemId=86340356463&traceid=V0-153-1fc5b0b4f277ae56&requestid=20260226211430273283069909&token=31850C%7CMIXED&landing_exp=APP_LANDING_A","우유","1232968322"
"맛있는우유GT","27960","1000","27.96","https://link.coupang.com/re/AFFSDP?lptag=AF7912448&pageKey=6436856710&itemId=23585807716&vendorItemId=85072691748&traceid=V0-153-2a6f944443573a0e&requestid=20260226211430273283069909&token=31850C%7CMIXED&landing_exp=APP_LANDING_A","우유","6436856710"
"데이리스타 밀쉬 저지방 멸균우유, 1L, 24개","52800","1000","52.8","https://link.coupang.com/re/AFFSDP?lptag=AF7912448&pageKey=7193817761&itemId=19667490885&vendorItemId=86773133886&traceid=V0-153-926f1044c8961dc2&clickBeacon=b3d6cc50-130c-11f1-994b-449f9f0ac004%7E3&requestid=20260226211430273283069909&token=31850C%7CMIXED&landing_exp=APP_LANDING_A","우유","7193817761"
"데이리스타 밀쉬 멸균우유, 1L, 36개","83520","1000","83.52","https://link.coupang.com/re/AFFSDP?lptag=AF7912448&pageKey=332850485&itemId=24271821264&vendorItemId=91288326682&traceid=V0-153-7fc65a7606dcf810&clickBeacon=b3d6cc50-130c-11f1-a501-934058c57102%7E3&requestid=20260226211430273283069909&token=31850C%7CMIXED&landing_exp=APP_LANDING_A","우유","332850485"
"무항생제 인증 1등급 원유 제주 지헌목장 홍스요구르트 무슈가 500ml, 9개, 500ml","48000","500","96.0","https://link.coupang.com/re/AFFSDP?lptag=AF7912448&pageKey=9080834514&itemId=26866521733&vendorItemId=93836163670&traceid=V0-153-3b241bf26c0ebc50&clickBeacon=b3d6cc50-130c-11f1-918c-ca6b8b66c386%7E3&requestid=20260226211430273283069909&token=31850C%7CMIXED&landing_exp=APP_LANDING_A","우유","9080834514"
"브레드가든 인스턴트 이스트","3040","1000","3.04","https://link.coupang.com/re/AFFSDP?lptag=AF7912448&pageKey=282875628&itemId=398304213&vendorItemId=3090999275&traceid=V0-153-61284133ba5283b6&requestid=20260226211428072133107636&token=31850C%7CMIXED&landing_exp=APP_LANDING_A","인스턴트이스트","282875628"
"백설 중력 밀가루","3420","1000","3.42","https://link.coupang.com/re/AFFSDP?lptag=AF7912448&pageKey=7680325877&itemId=25080602159&vendorItemId=91288209106&traceid=V0-153-b4d85cc580e7e8fe&requestid=20260226211425864297475306&token=31850C%7CMIXED&landing_exp=APP_LANDING_A","중력분","7680325877"
"아이엠소스 바사삭 돈까스 파우더 베타믹스, 1개, 500g","11000","500","22.0","https://link.coupang.com/re/AFFSDP?lptag=AF7912448&pageKey=9000391716&itemId=26375081299&vendorItemId=93362261630&traceid=V0-153-1a9c3c73a9e4ce1f&clickBeacon=b137b770-130c-11f1-b299-1a441d448f35%7E3&requestid=20260226211425864297475306&token=31850C%7CMIXED&landing_exp=APP_LANDING_A","중력분","9000391716"
"국산 토종 앉은뱅이 통밀가루(박력분), 4개, 700g","20650","700","29.5","https://link.coupang.com/re/AFFSDP?lptag=AF7912448&pageKey=7202013533&itemId=23676334682&vendorItemId=93555108523&traceid=V0-153-5682da2ecd1c2500&clickBeacon=b137b770-130c-11f1-92ae-f776b4358173%7E3&requestid=20260226211425864297475306&token=31850C%7CMIXED&landing_exp=APP_LANDING_A","중력분","7202013533"
"코코아 함량 25% 진하고 맛있는 다크 초코칩","5900","1000","5.9","https://link.coupang.com/re/AFFSDP?lptag=AF7912448&pageKey=7649365015&itemId=20348810579&vendorItemId=92490852087&traceid=V0-153-16c2f697f2f036fb&requestid=20260226211429231273828819&token=31850C%7CMIXED&landing_exp=APP_LANDING_A","초콜릿칩","7649365015"
"허쉬 미니 세미스위트 초콜릿칩","6320","1000","6.32","https://link.coupang.com/re/AFFSDP?lptag=AF7912448&pageKey=7193536234&itemId=18330012537&vendorItemId=85474581479&traceid=V0-153-16954e1cf0faa10b&requestid=20260226211429231273828819&token=31850C%7CMIXED&landing_exp=APP_LANDING_A","초콜릿칩","7193536234"
"SKY 다크초코칩","8300","1000","8.3","https://link.coupang.com/re/AFFSDP?lptag=AF7912448&pageKey=6138530431&itemId=19344756351&vendorItemId=71583285146&traceid=V0-153-e2c358951d10958b&requestid=20260226211429231273828819&token=31850C%7CMIXED&landing_exp=APP_LANDING_A","초콜릿칩","6138530431"
"쿠킹스토리 칼리바우트 다크 청크초콜릿 초코칩","15880","1000","15.88","https://link.coupang.com/re/AFFSDP?lptag=AF7912448&pageKey=7160411139&itemId=24606560531&vendorItemId=91617955929&traceid=V0-153-e620752af80adf93&requestid=20260226211429231273828819&token=31850C%7CMIXED&landing_exp=APP_LANDING_A","초콜릿칩","7160411139"
"퀘스트뉴트리션 프로틴 바 초콜렛 칩 쿠키 도우 맛 12개입, 720g, 1개","45910","720","63.7639","https://link.coupang.com/re/AFFSDP?lptag=AF7912448&pageKey=6473479350&itemId=6140630482&vendorItemId=3273024094&traceid=V0-153-5adf4fbd51949fb2&clickBeacon=b33a1720-130c-11f1-9a7a-0cb9f4f926d7%7E3&requestid=20260226211429231273828819&token=31850C%7CMIXED&landing_exp=APP_LANDING_A","초콜릿칩","6473479350"
"벤앤제리스 카라멜 수트라 코어 아이스크림 파인트 473ml, 4개, 473ml","43800","473","92.6004","https://link.coupang.com/re/AFFSDP?lptag=AF7912448&pageKey=9072000013&itemId=26643344220&vendorItemId=93616864155&traceid=V0-153-0c1030b8d018e5ce&clickBeacon=b33a1720-130c-11f1-842c-4abf7c0c033e%7E3&requestid=20260226211429231273828819&token=31850C%7CMIXED&landing_exp=APP_LANDING_A","초콜릿칩","9072000013"
"벤앤제리스 하프베이크드 아이스크림 파인트 473ml, 4개, 473ml","43800","473","92.6004","https://link.coupang.com/re/AFFSDP?lptag=AF7912448&pageKey=9072148584&itemId=26643938745&vendorItemId=93616892404&traceid=V0-153-67c6196ff72c8634&clickBeacon=b33a1720-130c-11f1-8557-512f7d9097bf%7E3&requestid=20260226211429231273828819&token=31850C%7CMIXED&landing_exp=APP_LANDING_A","초콜릿칩","9072148584"
"브레드가든 템퍼링이 되어있는 코코아파우더","3800","1000","3.8","https://link.coupang.com/re/AFFSDP?lptag=AF7912448&pageKey=8814783762&itemId=25682997946&vendorItemId=92672302268&traceid=V0-153-d443beeb4dc08080&requestid=20260226211428903220983212&token=31850C%7CMIXED&landing_exp=APP_LANDING_A","코코아파우더","8814783762"
"쓴맛이 덜한 부드러운 무가당 프리미엄 코코아가루","5760","1000","5.76","https://link.coupang.com/re/AFFSDP?lptag=AF7912448&pageKey=25374718&itemId=24723625683&vendorItemId=92489742809&traceid=V0-153-ff6da04ebe2106fb&requestid=20260226211428903220983212&token=31850C%7CMIXED&landing_exp=APP_LANDING_A","코코아파우더","25374718"
"큐원 코코아 파우더","7480","1000","7.48","https://link.coupang.com/re/AFFSDP?lptag=AF7912448&pageKey=7214276245&itemId=18626432872&vendorItemId=85761810577&traceid=V0-153-d92fb7f5628a49db&requestid=20260226211428903220983212&token=31850C%7CMIXED&landing_exp=APP_LANDING_A","코코아파우더","7214276245"
"허쉬 코코아 파우더","10010","1000","10.01","https://link.coupang.com/re/AFFSDP?lptag=AF7912448&pageKey=5654840286&itemId=11155674712&vendorItemId=93317575378&traceid=V0-153-7c11118d4b3fc188&requestid=20260226211428903220983212&token=31850C%7CMIXED&landing_exp=APP_LANDING_A","코코아파우더","5654840286"
"죠애나 무가당 코코아 카카오 가루 파우더 분말 100%","29900","1000","29.9","https://link.coupang.com/re/AFFSDP?lptag=AF7912448&pageKey=8185856634&itemId=23410145338&vendorItemId=90890860162&traceid=V0-153-d90dfbeb4e857722&requestid=20260226211428903220983212&token=31850C%7CMIXED&landing_exp=APP_LANDING_A","코코아파우더","8185856634"
"colorfood 코코아 파우더, 600g, 1개입, 2개","42480","600","70.8","https://link.coupang.com/re/AFFSDP?lptag=AF7912448&pageKey=5502853827&itemId=18763845320&vendorItemId=90759118788&traceid=V0-153-2155f9d0179065e8&clickBeacon=b306ab10-130c-11f1-885b-9fe921b10b36%7E3&requestid=20260226211428903220983212&token=31850C%7CMIXED&landing_exp=APP_LANDING_A","코코아파우더","5502853827"
"네이쳐티 zero 초코 파우더, 500g, 1개입, 5개","51250","500","102.5","https://link.coupang.com/re/AFFSDP?lptag=AF7912448&pageKey=8085483047&itemId=27302908789&vendorItemId=94269437171&traceid=V0-153-8c11258dffd2d292&clickBeacon=b306ab10-130c-11f1-afae-72af0db22b97%7E3&requestid=20260226211428903220983212&token=31850C%7CMIXED&landing_exp=APP_LANDING_A","코코아파우더","8085483047"
"민트라벨 자바칩 파우더 1kg I 커피칩 분말 I 카페용 시럽 대체 I 초코칩 향 자바칩 I 자바칩 분말, 12개, 1kg, 1개입","155450","1000","155.45","https://link.coupang.com/re/AFFSDP?lptag=AF7912448&pageKey=7370720051&itemId=25249770554&vendorItemId=92245483844&traceid=V0-153-a991512e96c0906b&clickBeacon=b306ab10-130c-11f1-99fc-225a6ac87949%7E3&requestid=20260226211428903220983212&token=31850C%7CMIXED&landing_exp=APP_LANDING_A","코코아파우더","7370720051"
"복음자리 초콜릿 파우더, 16개입, 1개","167400","1000","167.4","https://link.coupang.com/re/AFFSDP?lptag=AF7912448&pageKey=1310249065&itemId=26605348578&vendorItemId=93578470618&traceid=V0-153-31965a14a77c42d0&clickBeacon=b3068400-130c-11f1-b9e4-0e7834cad02b%7E3&requestid=20260226211428903220983212&token=31850C%7CMIXED&landing_exp=APP_LANDING_A","코코아파우더","1310249065"
"프리미엄 진하고 고소한 무가당 다크 카카오파우더 코코아파우더, 400g, 3개, 1개입","117000","400","292.5","https://link.coupang.com/re/AFFSDP?lptag=AF7912448&pageKey=8574895039&itemId=25467072572&vendorItemId=92459606017&traceid=V0-153-99c2e0f8fd438987&clickBeacon=b306ab10-130c-11f1-8e65-72dc15c30717%7E3&requestid=20260226211428903220983212&token=31850C%7CMIXED&landing_exp=APP_LANDING_A","코코아파우더","8574895039"
"[로켓프레시] 필라델피아 크림치즈","8750","1000","8.75","https://link.coupang.com/re/AFFSDP?lptag=AF7912448&pageKey=7319954910&itemId=19224584540&vendorItemId=86341247037&traceid=V0-153-2ee5e0d4abd16a30&requestid=20260226211430619229798237&token=31850C%7CMIXED&landing_exp=APP_LANDING_A","크림치즈","7319954910"
"앵커 크림치즈","11600","1000","11.6","https://link.coupang.com/re/AFFSDP?lptag=AF7912448&pageKey=206818856&itemId=611114933&vendorItemId=4603557443&traceid=V0-153-edcac4671517119e&requestid=20260226211430619229798237&token=31850C%7CMIXED&landing_exp=APP_LANDING_A","크림치즈","206818856"
"앵커크림치즈 1KG","13590","1000","13.59","https://link.coupang.com/re/AFFSDP?lptag=AF7912448&pageKey=189106649&itemId=19025675649&vendorItemId=91314859380&traceid=V0-153-9be2c7c3c757520d&requestid=20260226211430619229798237&token=31850C%7CMIXED&landing_exp=APP_LANDING_A","크림치즈","189106649"
"[로켓프레시] 덴마크 동원 리코타 치즈, 1kg, 1개입, 2개","28750","1000","28.75","https://link.coupang.com/re/AFFSDP?lptag=AF7912448&pageKey=7216512434&itemId=27384203812&vendorItemId=94350035621&traceid=V0-153-68b55e033a8e39d2&clickBeacon=b40b97f0-130c-11f1-8b34-34bd44918ad7%7E3&requestid=20260226211430619229798237&token=31850C%7CMIXED&landing_exp=APP_LANDING_A","크림치즈","7216512434"
"끼리 크림치즈 스프레드 그릭스타일, 200g, 1개입, 6개","33150","200","165.75","https://link.coupang.com/re/AFFSDP?lptag=AF7912448&pageKey=5832112333&itemId=19233420297&vendorItemId=86349883234&traceid=V0-153-d494abcd3ec0631c&clickBeacon=b40b97f0-130c-11f1-9d18-8dafcf302acd%7E3&requestid=20260226211430619229798237&token=31850C%7CMIXED&landing_exp=APP_LANDING_A","크림치즈","5832112333"
"영준목장 수제크림치즈 딸기, 150g, 1개입, 4개","43200","150","288.0","https://link.coupang.com/re/AFFSDP?lptag=AF7912448&pageKey=245758982&itemId=27087185174&vendorItemId=94055422294&traceid=V0-153-15bd3c124023ae68&clickBeacon=b40b97f0-130c-11f1-93ee-24736f53a3bc%7E3&requestid=20260226211430619229798237&token=31850C%7CMIXED&landing_exp=APP_LANDING_A","크림치즈","245758982"
"끼리 딥앤크런치 통밀 가공치즈 + 과자, 35g, 3개입, 6개","30800","35","880.0","https://link.coupang.com/re/AFFSDP?lptag=AF7912448&pageKey=6089861658&itemId=19295895370&vendorItemId=86410530551&traceid=V0-153-40dbcaf7c428dcb9&clickBeacon=b40b97f0-130c-11f1-9507-34fbe40134f7%7E3&requestid=20260226211430619229798237&token=31850C%7CMIXED&landing_exp=APP_LANDING_A","크림치즈","6089861658"
"끼리 딥앤크런치 플레인 가공치즈 + 과자, 35g, 4개입, 6개","39960","35","1141.7143","https://link.coupang.com/re/AFFSDP?lptag=AF7912448&pageKey=5832112391&itemId=19272212061&vendorItemId=86387381350&traceid=V0-153-ca8e2bf39855af13&clickBeacon=b40b97f0-130c-11f1-8a69-c6cc15d38720%7E3&requestid=20260226211430619229798237&token=31850C%7CMIXED&landing_exp=APP_LANDING_A","크림치즈","5832112391"
"큐원 통밀가루 10kg","14520","10000","1.452","https://link.coupang.com/re/AFFSDP?lptag=AF7912448&pageKey=1071744830&itemId=21045376001&vendorItemId=71136390072&traceid=V0-153-fcf8920ad74a6044&requestid=20260226211426190304537637&token=31850C%7CMIXED&landing_exp=APP_LANDING_A","통밀가루","1071744830"
"0156.유기농통밀가루-선인2.27kg","10190","2270","4.489","https://link.coupang.com/re/AFFSDP?lptag=AF7912448&pageKey=7590946270&itemId=18505223387&vendorItemId=76118512481&traceid=V0-153-15f9f83f63b41cd3&requestid=20260226211426190304537637&token=31850C%7CMIXED&landing_exp=APP_LANDING_A","통밀가루","7590946270"
"백설 통밀밀가루","4520","1000","4.52","https://link.coupang.com/re/AFFSDP?lptag=AF7912448&pageKey=8401834554&itemId=15765831823&vendorItemId=85761891495&traceid=V0-153-99a396f5a90fd952&requestid=20260226211426190304537637&token=31850C%7CMIXED&landing_exp=APP_LANDING_A","통밀가루","8401834554"
"선인 유기농 통밀가루 2.268Kg","21300","2268","9.3915","https://link.coupang.com/re/AFFSDP?lptag=AF7912448&pageKey=7792833387&itemId=19247292476&vendorItemId=86363138798&traceid=V0-153-815129904ac6d9d6&requestid=20260226211426190304537637&token=31850C%7CMIXED&landing_exp=APP_LANDING_A","통밀가루","7792833387"
"비정제설탕 마스코바도 15KG, 1개, 15kg","37900","15000","2.5267","https://link.coupang.com/re/AFFSDP?lptag=AF7912448&pageKey=9169145919&itemId=27020044757&vendorItemId=93988663671&traceid=V0-153-278b894cd8264c99&clickBeacon=b1e53580-130c-11f1-a8f1-d39840f6b20f%7E3&requestid=20260226211427015143617055&token=31850C%7CMIXED&landing_exp=APP_LANDING_A","황설탕","9169145919"
"백설 갈색설탕","6000","1000","6.0","https://link.coupang.com/re/AFFSDP?lptag=AF7912448&pageKey=475749&itemId=16745185326&vendorItemId=91052808714&traceid=V0-153-5327065fa58b591d&requestid=20260226211427015143617055&token=31850C%7CMIXED&landing_exp=APP_LANDING_A","황설탕","475749"
"깨끗한 비정제원당, 3kg, 3개","36890","3000","12.2967","https://link.coupang.com/re/AFFSDP?lptag=AF7912448&pageKey=78366428&itemId=20328073981&vendorItemId=87413299759&traceid=V0-153-e55cae342106d6f4&clickBeacon=b1e53580-130c-11f1-8c0d-ce28e5ebea2a%7E3&requestid=20260226211427015143617055&token=31850C%7CMIXED&landing_exp=APP_LANDING_A","황설탕","78366428"
"큐원 갈색설탕","27400","1000","27.4","https://link.coupang.com/re/AFFSDP?lptag=AF7912448&pageKey=9365274056&itemId=19883406756&vendorItemId=70805870305&traceid=V0-153-8f456f864622f0a1&requestid=20260226211427015143617055&token=31850C%7CMIXED&landing_exp=APP_LANDING_A","황설탕","9365274056"
